year,num_trips,pct_change
2018,23814,
2019,214060,798.883009994121
2020,409478,91.29122675885266
2021,158616,-61.26385300309174
